"","Number of outcomes","b1","b2","AIC","Dispersion parameter"
"Melbourne",2369,0.106459618538815,0.0265578803206362,19520.4271480972,1.18927194919152
"Sydney",2369,-0.263741588986173,0.490458544155996,19415.5154300799,1.14480515998424
"",4738,,,38935.9425781771,
