"","Number of outcomes","b1","b2","AIC","Dispersion parameter"
"Melbourne",2369,0.1064596185388,0.0265578803206133,19520.4271480971,1.18927194919153
"Sydney",2369,-0.263741588986152,0.490458544155977,19415.5154300799,1.14480515998423
"",4738,,,38935.942578177,
