"","Number of outcomes","b1","b2","AIC","Dispersion parameter"
"Melbourne",2369,0.0765195329036735,-0.057700536189,19378.7248443382,1.15686706397894
"Sydney",2369,-0.0486241247488804,0.375467227433063,19284.4008624706,1.11742124821682
"",4738,,,38663.1257068088,
